name,district,price,bedroom,wc,acreage,link,date
"Nh√† m·ªõi ƒë·∫πp lung linh, NT cao c·∫•p - H·∫ªm nh·ª±a 2 oto tr√°nh th√¥ng su·ªët","Qu·∫≠n T√¢n B√¨nh, TPHCM",10 t·ª∑ 800 tri·ªáu,4 PN,5 WC,57 m2,https://mogi.vn/quan-tan-binh/mua-nha-mat-tien-pho/nha-moi-dep-lung-linh-nt-cao-cap-hem-nhua-2-oto-tranh-thong-suot-id22560754,2024-05-17
Mystery H∆∞ng Th·ªãnh - b√°n bi·ªát th·ª± mini 7x15.5m - nh√† th√¥ - 23 TL,"Qu·∫≠n 2 (TP. Th·ªß ƒê·ª©c), TPHCM",23 t·ª∑,4 PN,4 WC,108 m2,https://mogi.vn/quan-2/mua-nha-biet-thu-lien-ke/mystery-hung-thinh-ban-biet-thu-mini-7x15-5m-nha-tho-23-tl-id22522350,2024-05-17
H·∫ªm 8M - L√™ VƒÉn S·ªπ Q3 - DT 50m2 - Ch·ªâ 6.5 T·ª∑ TL M·∫°nh,"Qu·∫≠n 3, TPHCM",6 t·ª∑ 500 tri·ªáu,3 PN,3 WC,50 m2,https://mogi.vn/quan-3/mua-nha-hem-ngo/hem-8m-le-van-sy-q3-dt-50m2-chi-6-5-ty-tl-manh-id22560914,2024-05-17
Khu V√≠p S√¢n Bay - P4 T√¢n B√¨nh - DT 4.3m x 21m 90m2 - Ch·ªâ 13.9 T·ª∑ TL,"Qu·∫≠n T√¢n B√¨nh, TPHCM",13 t·ª∑ 900 tri·ªáu,6 PN,6 WC,90 m2,https://mogi.vn/quan-tan-binh/mua-nha-hem-ngo/khu-vip-san-bay-p4-tan-binh-dt-4-3m-x-21m-90m2-chi-13-9-ty-tl-id22560919,2024-05-17
"G·∫•p b√°n nh√† 4 t·∫ßng, 65m2, h·∫ªm 6m, T√¢n Ch√°nh Hi·ªáp 8, Q12, ch·ªâ 5 t·ª∑","Qu·∫≠n 12, TPHCM",5 t·ª∑,4 PN,4 WC,65 m2,https://mogi.vn/quan-12/mua-nha-hem-ngo/gap-ban-nha-4-tang-65m2-hem-6m-tan-chanh-hiep-8-q12-chi-5-ty-id22560976,2024-05-17
"B√°n nh√† - khu d√¢n c∆∞ VƒÉn Minh - 6x20m, 3 l·∫ßu 4 PN - 28 t·ª∑ th∆∞∆°ng l∆∞·ª£ng","Qu·∫≠n 2 (TP. Th·ªß ƒê·ª©c), TPHCM",28 t·ª∑,4 PN,6 WC,120 m2,https://mogi.vn/quan-2/mua-nha-mat-tien-pho/ban-nha-khu-dan-cu-van-minh-6x20m-3-lau-4-pn-28-ty-thuong-luong-id22522340,2024-05-17
HOT 105 tyÃâ! BaÃÅn MT ngang L·ªöN 6.3x21m ƒê. Nguy·ªÖn ƒê√¨nh Chi·ªÉu Qu·∫≠n 3.,"Qu·∫≠n 3, TPHCM",105 t·ª∑,4 PN,5 WC,142 m2,https://mogi.vn/quan-3/mua-nha-mat-tien-pho/hot-105-ty-ba-n-mt-ngang-lon-6-3x21m-d-nguyen-dinh-chieu-quan-3-id22526114,2024-05-17
CƒÉn Shophouse 312m KƒêT Ph√∫ M·ªπ H∆∞ng Kp H∆∞ng V∆∞·ª£ng2 Qu·∫≠n 7 gi√° ch·ªâ 26 t·ª∑,"Qu·∫≠n 7, TPHCM",26 t·ª∑,2 PN,2 WC,130 m2,https://mogi.vn/quan-7/mua-nha-mat-tien-pho/can-shophouse-312m-kdt-phu-my-hung-kp-hung-vuong2-quan-7-gia-chi-26-ty-id22560466,2024-05-17
"Nh√† 4 L·∫ßu thu nh·∫≠p 60 tri·ªáu Kdc Areco Ph·∫°m VƒÉn ƒê·ªìng Th·ªß ƒê·ª©c, b√°n g·∫•p","Qu·∫≠n Th·ªß ƒê·ª©c (TP. Th·ªß ƒê·ª©c), TPHCM",13 t·ª∑ 500 tri·ªáu,6 PN,6 WC,115 m2,https://mogi.vn/quan-thu-duc/mua-nha-mat-tien-pho/nha-4-lau-thu-nhap-60-trieu-kdc-areco-pham-van-dong-thu-duc-ban-gap-id22560561,2024-05-17
Gi√° S·ªêC ch·ªâ 50 t·ª∑! B√°n t√≤a nh√† ƒê.Ung VƒÉn Khi√™m B√¨nh Th·∫°nh 10*30m 10l·∫ßu,"Qu·∫≠n B√¨nh Th·∫°nh, TPHCM",50 t·ª∑,9 PN,10 WC,300 m2,https://mogi.vn/quan-binh-thanh/mua-nha-mat-tien-pho/gia-soc-chi-50-ty-ban-toa-nha-d-ung-van-khiem-binh-thanh-10-30m-10lau-id21670393,2024-05-17
NG·ªòP nh√† HI·∫æM h·∫ªm 340 Quang Trung 76m2 ngang 4.2m 4L g·∫ßn UBND 11 t·ª∑,"Qu·∫≠n G√≤ V·∫•p, TPHCM",11 t·ª∑,8 PN,7 WC,76 m2,https://mogi.vn/quan-go-vap/mua-nha-hem-ngo/ngop-nha-hiem-hem-340-quang-trung-76m2-ngang-4-2m-4l-gan-ubnd-11-ty-id22561011,2024-05-17
"Nh√† HXH Tr∆∞·ªùng Sa, Ph∆∞·ªùng 17, B√¨nh Th·∫°nh, DT 6.4x13m , gi√° 18.5 t·ª∑","Qu·∫≠n B√¨nh Th·∫°nh, TPHCM",18 t·ª∑ 500 tri·ªáu,4 PN,5 WC,80 m2,https://mogi.vn/quan-binh-thanh/mua-nha-hem-ngo/nha-hxh-truong-sa-phuong-17-binh-thanh-dt-6-4x13m-gia-18-5-ty-id22549315,2024-05-17
"Nh√†  5 t·∫ßng khu ƒê∆∞·ªùng Hoa Phan X√≠ch Long, h·∫ªm 6m,  5pn, 7.2 t·ª∑ c√≤n b·ªõt","Qu·∫≠n Ph√∫ Nhu·∫≠n, TPHCM",7 t·ª∑ 195 tri·ªáu,5 PN,5 WC,33 m2,https://mogi.vn/quan-phu-nhuan/mua-nha-hem-ngo/nha-5-tang-khu-duong-hoa-phan-xich-long-hem-6m-5pn-7-2-ty-con-bot-id22474170,2024-05-17
"Nh√† HXH Nguy·ªÖn Gia Tr√≠, p25 B.Th·∫°nh, 5 t·∫ßng, DT 60m, 5pn, gi√° 12.9 t·ª∑","Qu·∫≠n B√¨nh Th·∫°nh, TPHCM",12 t·ª∑ 900 tri·ªáu,5 PN,5 WC,60 m2,https://mogi.vn/quan-binh-thanh/mua-nha-hem-ngo/nha-hxh-nguyen-gia-tri-p25-b-thanh-5-tang-dt-60m-5pn-gia-12-9-ty-id22549978,2024-05-17
"HOT VIP ! Nh√† H·∫ªm 5m_ Quang Trung, 45m2, 4 l·∫ßu, ngang 4m, n·ªü h·∫≠u, 4 t·ª∑","Qu·∫≠n G√≤ V·∫•p, TPHCM",4 t·ª∑,4 PN,4 WC,45 m2,https://mogi.vn/quan-go-vap/mua-nha-hem-ngo/hot-vip-nha-hem-5m-quang-trung-45m2-4-lau-ngang-4m-no-hau-4-ty-id22560281,2024-05-17
B√°n Nh√† L√¥ T∆∞ B√¨nh H∆∞ng H√≤a A B√¨nh T√¢n,"Qu·∫≠n B√¨nh T√¢n, TPHCM",5 t·ª∑ 400 tri·ªáu,4 PN,4 WC,64 m2,https://mogi.vn/quan-binh-tan/mua-nha-mat-tien-pho/ban-nha-lo-tu-binh-hung-hoa-a-binh-tan-id22560995,2024-05-17
‚úÖNh·ªânh 4 t·ª∑ - 5 t·∫ßng btct - H·∫ªm xe h∆°i - 36M2üåπüåπ,"Qu·∫≠n T√¢n B√¨nh, TPHCM",4 t·ª∑ 600 tri·ªáu,3 PN,3 WC,36 m2,https://mogi.vn/quan-tan-binh/mua-nha-hem-ngo/nhinh-4-ty-5-tang-btct-hem-xe-hoi-36m2-id22560814,2024-05-17
Ch·ªß c·∫ßn ti·ªÅn b√°n g·∫•p nh√† t√¢m quy·∫øt B√¨nh T√¢n,"Qu·∫≠n B√¨nh T√¢n, TPHCM",4 t·ª∑ 200 tri·ªáu,2 PN,2 WC,68 m2,https://mogi.vn/quan-binh-tan/mua-nha-mat-tien-pho/chu-can-tien-ban-gap-nha-tam-quyet-binh-tan-id22560982,2024-05-17
‚úÖCh·ªâ 3.X - T√¢n B√¨nh - Nh√† m·ªõi ·ªü ngay - 27m2 - V√†i b∆∞·ªõc l√™n xe h∆°iüåπüåπ,"Qu·∫≠n T√¢n B√¨nh, TPHCM",3 t·ª∑ 300 tri·ªáu,2 PN,2 WC,27 m2,https://mogi.vn/quan-tan-binh/mua-nha-hem-ngo/chi-3-x-tan-binh-nha-moi-o-ngay-27m2-vai-buoc-len-xe-hoi-id22560830,2024-05-17
"‚úÖT√¢n B√¨nh - Nh√† ƒë·∫πp - H·∫ªm xe h∆°i - 2 t·∫ßng - 34m2(3.2*10.5)-  3,999 t·ª∑","Qu·∫≠n T√¢n B√¨nh, TPHCM",3 t·ª∑ 999 tri·ªáu,2 PN,2 WC,34 m2,https://mogi.vn/quan-tan-binh/mua-nha-hem-ngo/tan-binh-nha-dep-hem-xe-hoi-2-tang-34m2-3-2-10-5-3-999-ty-id22560860,2024-05-17
‚úÖT√¢n B√¨nh - G·∫ßn Tr∆∞·ªùng Chinh - H·∫ªm xe h∆°i - Nh√† 2 t·∫ßng - 72m2- 7 t·ª∑üåπ,"Qu·∫≠n T√¢n B√¨nh, TPHCM",7 t·ª∑,3 PN,2 WC,72 m2,https://mogi.vn/quan-tan-binh/mua-nha-hem-ngo/tan-binh-gan-truong-chinh-hem-xe-hoi-nha-2-tang-72m2-7-ty-id22560882,2024-05-17
B√°n g·∫•p nh√† B√¨nh h∆∞ng h√≤a B B√¨nh T√¢n,"Qu·∫≠n B√¨nh T√¢n, TPHCM",4 t·ª∑ 100 tri·ªáu,3 PN,3 WC,68 m2,https://mogi.vn/quan-binh-tan/mua-nha-mat-tien-pho/ban-gap-nha-binh-hung-hoa-b-binh-tan-id22560985,2024-05-17
‚úÖT√¢n B√¨nh - Nh√† ƒë·∫πp - H·∫ªm xe h∆°i - 2 t·∫ßng btct - 44m2 -N·ªü h·∫≠u - 4.x t·ª∑,"Qu·∫≠n T√¢n B√¨nh, TPHCM",4 t·ª∑ 400 tri·ªáu,2 PN,2 WC,44 m2,https://mogi.vn/quan-tan-binh/mua-nha-hem-ngo/tan-binh-nha-dep-hem-xe-hoi-2-tang-btct-44m2-no-hau-4-x-ty-id22560886,2024-05-17
170m¬≤ h·∫ªm xe t·∫£i Th·∫°nh L·ªôc 37 Qu·∫≠n 12,"Qu·∫≠n 12, TPHCM",8 t·ª∑ 900 tri·ªáu,8 PN,9 WC,170 m2,https://mogi.vn/quan-12/mua-nha-hem-ngo/170m-hem-xe-tai-thanh-loc-37-quan-12-id22560922,2024-05-17
Si√™u REÃâ 59 tyÃâ! BaÃÅn MT ƒê√¥ÃÅi di√™Ã£n VaÃ£n HaÃ£nh Mall Qu√¢Ã£n 10 - 8*17m.,"Qu·∫≠n 10, TPHCM",59 t·ª∑,4 PN,4 WC,136 m2,https://mogi.vn/quan-10/mua-nha-mat-tien-pho/sieu-re-59-ty-ba-n-mt-do-i-die-n-va-n-ha-nh-mall-qua-n-10-8-17m-id22493083,2024-05-17
Ch·ªß c·∫ßn b√°n g·∫•p nh√† ƒë∆∞·ªùng li√™n khu 5-6,"Qu·∫≠n B√¨nh T√¢n, TPHCM",4 t·ª∑ 700 tri·ªáu,4 PN,3 WC,80 m2,https://mogi.vn/quan-binh-tan/mua-nha-mat-tien-pho/chu-can-ban-gap-nha-duong-lien-khu-5-6-id22560971,2024-05-17
170m¬≤ h·∫ªm xe t·∫£i Th·∫°nh L·ªôc 37 Qu·∫≠n 12,"Qu·∫≠n 12, TPHCM",8 t·ª∑ 900 tri·ªáu,8 PN,9 WC,170 m2,https://mogi.vn/quan-12/mua-nha-hem-ngo/170m-hem-xe-tai-thanh-loc-37-quan-12-id22560922,2024-05-17
B√°n nh√† g·∫•p ƒë∆∞·ªùng li√™n khu 45 B√¨nh H∆∞ng h√≤a B,"Qu·∫≠n B√¨nh T√¢n, TPHCM",3 t·ª∑ 700 tri·ªáu,3 PN,2 WC,56 m2,https://mogi.vn/quan-binh-tan/mua-nha-mat-tien-pho/ban-nha-gap-duong-lien-khu-45-binh-hung-hoa-b-id22560963,2024-05-17
"M·∫∑t Ti·ªÅn Hi·∫øm Ph·∫°m Vi·∫øt Ch√°nh Q1 Dt 5,4 x 16m 2L·∫ßu Gi√° 39,5t·ª∑ Hdt 110t","Qu·∫≠n 1, TPHCM",39 t·ª∑ 500 tri·ªáu,2 PN,2 WC,83 m2,https://mogi.vn/quan-1/mua-nha-mat-tien-pho/mat-tien-hiem-pham-viet-chanh-q1-dt-5-4-x-16m-2lau-gia-39-5ty-hdt-110t-id22560865,2024-05-17
"B√°n g·∫•p cƒÉn nh√† ngay ch·ª£ hi·ªáp b√¨nh,th·ªß ƒë·ª©c,h·∫ªm xe h∆°i,gi√° 6 t·ª∑ 350,TL","Qu·∫≠n Th·ªß ƒê·ª©c (TP. Th·ªß ƒê·ª©c), TPHCM",6 t·ª∑ 350 tri·ªáu,3 PN,3 WC,88 m2,https://mogi.vn/quan-thu-duc/mua-nha-mat-tien-pho/ban-gap-can-nha-ngay-cho-hiep-binh-thu-duc-hem-xe-hoi-gia-6-ty-350-tl-id22560637,2024-05-17
"B√ÅN nh√† c·∫•p 4 ngay ch·ª£ Hi·ªáp B√¨nh,Th·ªß ƒê·ª©c,178m2,gi√° 7 t·ª∑ 590tr,s·ªï ri√™ng","Qu·∫≠n Th·ªß ƒê·ª©c (TP. Th·ªß ƒê·ª©c), TPHCM",7 t·ª∑ 590 tri·ªáu,2 PN,2 WC,178 m2,https://mogi.vn/quan-thu-duc/mua-duong-noi-bo/ban-nha-cap-4-ngay-cho-hiep-binh-thu-duc-178m2-gia-7-ty-590tr-so-rieng-id22560780,2024-05-17
"Nh√† 1tx3l,khu d√¢n c∆∞ Areco Ph·∫°m VƒÉn ƒê·ªìng,th·ªß ƒë·ª©c,dt 116m2,gi√° 13,5 t·ª∑,","Qu·∫≠n Th·ªß ƒê·ª©c (TP. Th·ªß ƒê·ª©c), TPHCM",13 t·ª∑ 500 tri·ªáu,4 PN,3 WC,116 m2,https://mogi.vn/quan-thu-duc/mua-nha-mat-tien-pho/nha-1tx3l-khu-dan-cu-areco-pham-van-dong-thu-duc-dt-116m2-gia-13-5-ty-id22560866,2024-05-17
"Hi·∫øm, v·ªã tr√≠ v√†ng, ƒë∆∞·ªùng 8m, 63m2 x 4 t·∫ßng 5PN ngang 4,5m 5PN  10,9 T·ª∑","Qu·∫≠n T√¢n B√¨nh, TPHCM",10 t·ª∑ 900 tri·ªáu,5 PN,5 WC,63 m2,https://mogi.vn/quan-tan-binh/mua-nha-hem-ngo/hiem-vi-tri-vang-duong-8m-63m2-x-4-tang-5pn-ngang-4-5m-5pn-10-9-ty-id22556635,2024-05-17
"38pn1 H∆°n 110trm2,HXB, s√°t m·∫∑t ti·ªÅn Ph√∫ Nhu·∫≠n 70m2- 4t·∫ßng-S·∫≥n","Qu·∫≠n Ph√∫ Nhu·∫≠n, TPHCM",9 t·ª∑ 500 tri·ªáu,5 PN,5 WC,70 m2,https://mogi.vn/quan-phu-nhuan/mua-nha-hem-ngo/38pn1-hon-110trm2-hxb-sat-mat-tien-phu-nhuan-70m2-4tang-san-id22560927,2024-05-17
"Gi·∫£m 200 Tri·ªáu, Nh√† ƒê·∫πp Vu√¥ng V·ª©c, Dt 44 M2, Ngay ƒêH C√¥ng Nghi·ªáp - GV.","Qu·∫≠n G√≤ V·∫•p, TPHCM",4 t·ª∑ 550 tri·ªáu,2 PN,2 WC,44 m2,https://mogi.vn/quan-go-vap/mua-nha-hem-ngo/giam-200-trieu-nha-dep-vuong-vuc-dt-44-m2-ngay-dh-cong-nghiep-gv-id22560590,2024-05-17
"Hi·∫øm! Nh√† M·∫∑t Ti·ªÅn 4 T·∫ßng (4 x 12), Kh√¥ng L·ªô Gi·ªõi, D∆∞∆°ng Qu·∫£ng H√†m, GV","Qu·∫≠n G√≤ V·∫•p, TPHCM",11 t·ª∑ 990 tri·ªáu,4 PN,4 WC,48 m2,https://mogi.vn/quan-go-vap/mua-nha-mat-tien-pho/hiem-nha-mat-tien-4-tang-4-x-12-khong-lo-gioi-duong-quang-ham-gv-id22560595,2024-05-17
"Si√™u Hi·∫øm, 5 T·∫ßng M·ªõi ƒê·∫πp (5x20), 7 Ch·ªó V√¥ Nh√†, Nguy·ªÖn Th∆∞·ª£ng Hi·ªÅn, BT","Qu·∫≠n B√¨nh Th·∫°nh, TPHCM",11 t·ª∑ 990 tri·ªáu,6 PN,6 WC,100 m2,https://mogi.vn/quan-binh-thanh/mua-nha-biet-thu-lien-ke/sieu-hiem-5-tang-moi-dep-5x20-7-cho-vo-nha-nguyen-thuong-hien-bt-id22560605,2024-05-17
"Hi·∫øm, Nh√† M·ªõi ƒê·∫πp, 7 Ch·ªó ƒê·ªó C·ª≠a, T·∫∑ng H·∫øt N·ªôi Th·∫•t - Phan VƒÉn Tr·ªã, BT.","Qu·∫≠n B√¨nh Th·∫°nh, TPHCM",6 t·ª∑ 450 tri·ªáu,3 PN,2 WC,60 m2,https://mogi.vn/quan-binh-thanh/mua-nha-biet-thu-lien-ke/hiem-nha-moi-dep-7-cho-do-cua-tang-het-noi-that-phan-van-tri-bt-id22560523,2024-05-17
B√°n bi·ªát th·ª± m·∫∑t ti·ªÅn ƒê·∫∑ng H·ªØu Ph·ªï Th·∫£o ƒêi·ªÅn Qu·∫≠n 2 DT 600m2 gi√° 110 t,"Qu·∫≠n 2 (TP. Th·ªß ƒê·ª©c), TPHCM",110 t·ª∑,4 PN,5 WC,591 m2,https://mogi.vn/quan-2/mua-nha-mat-tien-pho/ban-biet-thu-mat-tien-dang-huu-pho-thao-dien-quan-2-dt-600m2-gia-110-t-id21996296,2024-05-17
"B√°n nh√† m·∫∑t ti·ªÅn ƒë∆∞·ªùng Nguy·ªÖn Tr√£i Q1, 100m¬≤(5*20m) - 2 t·∫ßng - HƒêT 120","Qu·∫≠n 1, TPHCM",70 t·ª∑,3 PN,2 WC,100 m2,https://mogi.vn/quan-1/mua-nha-mat-tien-pho/ban-nha-mat-tien-duong-nguyen-trai-q1-100m-5-20m-2-tang-hdt-120-id21834477,2024-05-17
Khu Vip Tr∆∞∆°ng C√¥ng ƒê·ªãnh P14 T√¢n B√¨nh - H·∫ªm 6M - DT 5.5 x 15.5m Vu√¥ng,"Qu·∫≠n T√¢n B√¨nh, TPHCM",10 t·ª∑ 100 tri·ªáu,4 PN,4 WC,85 m2,https://mogi.vn/quan-tan-binh/mua-nha-hem-ngo/khu-vip-truong-cong-dinh-p14-tan-binh-hem-6m-dt-5-5-x-15-5m-vuong-id22560380,2024-05-17
"B√°n nh√† MT V√µ VƒÉn T·∫ßn, P. 5, Qu·∫≠n 3, DT: 5.6x17m, 4 t·∫ßng, Hƒê: 110tr/th","Qu·∫≠n 3, TPHCM",51 t·ª∑ 500 tri·ªáu,4 PN,4 WC,96 m2,https://mogi.vn/quan-3/mua-nha-mat-tien-pho/ban-nha-mt-vo-van-tan-p-5-quan-3-dt-5-6x17m-4-tang-hd-110tr-th-id21848558,2024-05-17
"Ch√≠nh ch·ªß b√°n nh√† m·∫∑t ti·ªÅn Nguy·ªÖn Th√°i B√¨nh, Qu·∫≠n 1 DT 10x15m. Gi√° ch·ªâ","Qu·∫≠n 1, TPHCM",65 t·ª∑,4 PN,4 WC,150 m2,https://mogi.vn/quan-1/mua-nha-mat-tien-pho/chinh-chu-ban-nha-mat-tien-nguyen-thai-binh-quan-1-dt-10x15m-gia-chi-id21834476,2024-05-17
Si√™u ph·∫©m c·ª±c k·ª≥ khan hi·∫øm g√≥c 2 m·∫∑t ti·ªÅn B√πi Th·ªã Xu√¢n. DT: 6x15m HƒêT:,"Qu·∫≠n 1, TPHCM",52 t·ª∑,3 PN,2 WC,90 m2,https://mogi.vn/quan-1/mua-nha-mat-tien-pho/sieu-pham-cuc-ky-khan-hiem-goc-2-mat-tien-bui-thi-xuan-dt-6x15m-hdt-id21834473,2024-05-17
"Ch·ªâ m·ªôt cƒÉn duy nh·∫•t mt V√µ VƒÉn T·∫ßn P. 5 Qu·∫≠n 3. Hƒët 116,5 tri·ªáu, 6x16m","Qu·∫≠n 3, TPHCM",51 t·ª∑ 500 tri·ªáu,4 PN,4 WC,96 m2,https://mogi.vn/quan-3/mua-nha-mat-tien-pho/chi-mot-can-duy-nhat-mt-vo-van-tan-p-5-quan-3-hdt-116-5-trieu-6x16m-id21830307,2024-05-17
"C·∫ßn b√°n nh√† m·∫∑t ti·ªÅn Nguy·ªÖn Du, B·∫øn Ngh√©, Qu·∫≠n 1, DT 12x31m,Gi√° 390 t·ª∑","Qu·∫≠n 1, TPHCM",390 t·ª∑,6 PN,3 WC,372 m2,https://mogi.vn/quan-1/mua-nha-mat-tien-pho/can-ban-nha-mat-tien-nguyen-du-ben-nghe-quan-1-dt-12x31m-gia-390-ty-id21821532,2024-05-17
"B√°n nh√† MT ƒë∆∞·ªùng Nguy·ªÖn Tr√£i, P. B·∫øn Th√†nh, Q. 1. DT: 145m2 gi√° 99 t·ª∑","Qu·∫≠n 1, TPHCM",99 t·ª∑,4 PN,2 WC,145 m2,https://mogi.vn/quan-1/mua-nha-mat-tien-pho/ban-nha-mt-duong-nguyen-trai-p-ben-thanh-q-1-dt-145m2-gia-99-ty-id21821542,2024-05-17
B√°n ƒë·∫•t ƒë∆∞·ªùng s·ªë 17 An Ph√∫ An Kh√°nh 400m2 g√≥c 2 m·∫∑t ti·ªÅn,"Qu·∫≠n 2 (TP. Th·ªß ƒê·ª©c), TPHCM",80 t·ª∑,1 PN,1 WC,400 m2,https://mogi.vn/quan-2/mua-nha-mat-tien-pho/ban-dat-duong-so-17-an-phu-an-khanh-400m2-goc-2-mat-tien-id21707755,2024-05-17
Bi·ªát th·ª± River Mark Tr·∫ßn N√£o H·∫ßm 3 l·∫ßu c·ª±c ƒë·∫πp gi√° 75 t·ª∑ view s√¥ng SG,"Qu·∫≠n 2 (TP. Th·ªß ƒê·ª©c), TPHCM",75 t·ª∑,5 PN,5 WC,300 m2,https://mogi.vn/quan-2/mua-nha-biet-thu-lien-ke/biet-thu-river-mark-tran-nao-ham-3-lau-cuc-dep-gia-75-ty-view-song-sg-id21687298,2024-05-17
B√°n ƒë·∫•t m·∫∑t ti·ªÅn Qu·ªëc H∆∞∆°ng Th·∫£o ƒêi·ªÅn Qu·∫≠n 2 X√¢y H·∫ßm 10T,"Qu·∫≠n 2 (TP. Th·ªß ƒê·ª©c), TPHCM",128 t·ª∑,5 PN,5 WC,415 m2,https://mogi.vn/quan-2/mua-nha-mat-tien-pho/ban-dat-mat-tien-quoc-huong-thao-dien-quan-2-xay-ham-10t-id21499783,2024-05-17
"B√°n nh√† ngay Song H√†nh Ph∆∞·ªùng An Ph√∫ Q2, dt 20x20m","Qu·∫≠n 2 (TP. Th·ªß ƒê·ª©c), TPHCM",75 t·ª∑,5 PN,5 WC,377 m2,https://mogi.vn/quan-2/mua-nha-mat-tien-pho/ban-nha-ngay-song-hanh-phuong-an-phu-q2-dt-20x20m-id21499780,2024-05-17
B√°n nh√† qu·∫≠n 2 ƒë∆∞·ªùng 34 ph∆∞·ªùng B√¨nh An Qu·∫≠n 2 H·∫ßm 3 l·∫ßu 243m2,"Qu·∫≠n 2 (TP. Th·ªß ƒê·ª©c), TPHCM",63 t·ª∑,5 PN,5 WC,243 m2,https://mogi.vn/quan-2/mua-nha-mat-tien-pho/ban-nha-quan-2-duong-34-phuong-binh-an-quan-2-ham-3-lau-243m2-id21499778,2024-05-17
Bi·ªát th·ª± H·ªì B∆°i s√¢n v∆∞·ªùn khu Kim S∆°n compound Nguy·ªÖn VƒÉn H∆∞·ªüng 800m2,"Qu·∫≠n 2 (TP. Th·ªß ƒê·ª©c), TPHCM",105 t·ª∑,5 PN,6 WC,800 m2,https://mogi.vn/quan-2/mua-nha-mat-tien-pho/biet-thu-ho-boi-san-vuon-khu-kim-son-compound-nguyen-van-huong-800m2-id21438275,2024-05-17
"B√°n bi·ªát th·ª± khu Compound Th·∫£o ƒêi·ªÅn Q2, 17x44m, 4 t·∫ßng gi√° 115 t·ª∑","Qu·∫≠n 2 (TP. Th·ªß ƒê·ª©c), TPHCM",115 t·ª∑,7 PN,8 WC,748 m2,https://mogi.vn/quan-2/mua-nha-biet-thu-lien-ke/ban-biet-thu-khu-compound-thao-dien-q2-17x44m-4-tang-gia-115-ty-id21393127,2024-05-17
"B√°n nh√† Th√¢n VƒÉn Nhi·∫øp, An Ph√∫, Qu·∫≠n 2 gi√° 32 t·ª∑ , 5 t·∫ßng l·∫ßu","Qu·∫≠n 2 (TP. Th·ªß ƒê·ª©c), TPHCM",32 t·ª∑,5 PN,6 WC,210 m2,https://mogi.vn/quan-2/mua-nha-mat-tien-pho/ban-nha-than-van-nhiep-an-phu-quan-2-gia-32-ty-5-tang-lau-id21393042,2024-05-17
"B√°n bi·ªát th·ª± ƒë∆∞·ªùng S·ªë 42, P.Th·∫£o ƒêi·ªÅn Qu·∫≠n 2, DT 275m2, h∆°n 900m2 s√†n,","Qu·∫≠n 2 (TP. Th·ªß ƒê·ª©c), TPHCM",38 t·ª∑,5 PN,6 WC,275 m2,https://mogi.vn/quan-2/mua-nha-mat-tien-pho/ban-biet-thu-duong-so-42-p-thao-dien-quan-2-dt-275m2-hon-900m2-san-id21390680,2024-05-17
"MT Trung M·ªπ T√¢y Qu·∫≠n 12, 4 t·∫ßng ngay An S∆∞∆°ng, KD vƒÉn ph√≤ng, Spa, TMV","Qu·∫≠n 12, TPHCM",17 t·ª∑ 780 tri·ªáu,18 PN,5 WC,200 m2,https://mogi.vn/quan-12/mua-nha-mat-tien-pho/mt-trung-my-tay-quan-12-4-tang-ngay-an-suong-kd-van-phong-spa-tmv-id22560898,2024-05-17
"Villa 650m2(21x30) khu Compound si√™u vip Nguy·ªÖn VƒÉn H∆∞·ªüngTh·∫£o ƒêi·ªÅn, Q2","Qu·∫≠n 2 (TP. Th·ªß ƒê·ª©c), TPHCM",74 t·ª∑,5 PN,6 WC,650 m2,https://mogi.vn/quan-2/mua-nha-biet-thu-lien-ke/villa-650m2-21x30-khu-compound-sieu-vip-nguyen-van-huongthao-dien-q2-id21385080,2024-05-17
B√°n bi·ªát th·ª± si√™u ƒë·∫πp khu Compound vip ngay ƒë∆∞·ªùng Tr·∫ßn N√£o. DT: 14x17,"Qu·∫≠n 2 (TP. Th·ªß ƒê·ª©c), TPHCM",35 t·ª∑,4 PN,4 WC,240 m2,https://mogi.vn/quan-2/mua-nha-mat-tien-pho/ban-biet-thu-sieu-dep-khu-compound-vip-ngay-duong-tran-nao-dt-14x17-id21390679,2024-05-17
B√°n ƒë·∫•t khu Eden Nguy·ªÖn VƒÉn H∆∞·ªüng Th·∫£o ƒêi·ªÅn DT 18x24m (420m2) gi√° 69T·ª∂,"Qu·∫≠n 2 (TP. Th·ªß ƒê·ª©c), TPHCM",69 t·ª∑,0 PN,0 WC,424 m2,https://mogi.vn/quan-2/mua-nha-mat-tien-pho/ban-dat-khu-eden-nguyen-van-huong-thao-dien-dt-18x24m-420m2-gia-69ty-id21384748,2024-05-17
"B√°n g·∫•p m·∫∑t ti·ªÅn Tr·∫ßn L·ª±u, An Ph√∫, Q2. DT 5x20m (100m2) ti·ªán KD","Qu·∫≠n 2 (TP. Th·ªß ƒê·ª©c), TPHCM",27 t·ª∑,4 PN,4 WC,100 m2,https://mogi.vn/quan-2/mua-nha-mat-tien-pho/ban-gap-mat-tien-tran-luu-an-phu-q2-dt-5x20m-100m2-tien-kd-id21384754,2024-05-17
"B√°n CHDV chu·∫©n kh√°ch s·∫°n 5 sao full n·ªôi th·∫•t ƒë∆∞·ªùng Nguy·ªÖn VƒÉn Th·ªß, ƒêa","Qu·∫≠n 1, TPHCM",55 t·ª∑,21 PN,6 WC,189 m2,https://mogi.vn/quan-1/mua-nha-mat-tien-pho/ban-chdv-chuan-khach-san-5-sao-full-noi-that-duong-nguyen-van-thu-da-id21852464,2024-05-17
Bi·ªát th·ª± khu vip 146 Nguy·ªÖn VƒÉn H∆∞·ªüng Q2 500m2 c·ª±c ƒë·∫πp 110 t·ª∑,"Qu·∫≠n 2 (TP. Th·ªß ƒê·ª©c), TPHCM",110 t·ª∑,7 PN,3 WC,479 m2,https://mogi.vn/quan-2/mua-nha-biet-thu-lien-ke/biet-thu-khu-vip-146-nguyen-van-huong-q2-500m2-cuc-dep-110-ty-id21787719,2024-05-17
H·∫° gi√° b√°n g·∫•p bi·∫øt th·ª± 1000m2 ƒë∆∞·ªùng Tr·∫ßn N√£o ch·ªâ 85 t·ª∑ ƒë∆∞·ª£c x√¢y cao,"Qu·∫≠n 2 (TP. Th·ªß ƒê·ª©c), TPHCM",85 t·ª∑,4 PN,4 WC,1000 m2,https://mogi.vn/quan-2/mua-duong-noi-bo/ha-gia-ban-gap-biet-thu-1000m2-duong-tran-nao-chi-85-ty-duoc-xay-cao-id21612132,2024-05-17
B√°n nh√† m·∫∑t ti·ªÅn Nguy·ªÖn VƒÉn H∆∞·ªüng 7.7x24 ti·ªán x√¢y cao 6 l·∫ßu ch·ªâ 60t,"Qu·∫≠n 2 (TP. Th·ªß ƒê·ª©c), TPHCM",60 t·ª∑,4 PN,5 WC,184 m2,https://mogi.vn/quan-2/mua-nha-mat-tien-pho/ban-nha-mat-tien-nguyen-van-huong-7-7x24-tien-xay-cao-6-lau-chi-60t-id21588425,2024-05-17
Bi·ªát th·ª± compound Tr·∫ßn N√£o ven s√¥ng S√†i G√≤n 511m2 khu c·ª±c Vip gi√° t·ªët,"Qu·∫≠n 2 (TP. Th·ªß ƒê·ª©c), TPHCM",77 t·ª∑,5 PN,5 WC,511 m2,https://mogi.vn/quan-2/mua-duong-noi-bo/biet-thu-compound-tran-nao-ven-song-sai-gon-511m2-khu-cuc-vip-gia-tot-id21500808,2024-05-17
B√°n nh√† qu·∫≠n 2 ƒë∆∞·ªùng s·ªë 7 ph∆∞·ªùng An Ph√∫ 10√ó20 ( 200m2) Tr·ªát 3 l·∫ßu,"Qu·∫≠n 2 (TP. Th·ªß ƒê·ª©c), TPHCM",43 t·ª∑,5 PN,4 WC,200 m2,https://mogi.vn/quan-2/mua-nha-biet-thu-lien-ke/ban-nha-quan-2-duong-so-7-phuong-an-phu-10-20-200m2-tret-3-lau-id21499779,2024-05-17
B√°n nh√† qu·∫≠n 2 ƒë∆∞·ªùng s·ªë 7 ph∆∞·ªùng An Ph√∫ 10√ó20 ( 200m2) Tr·ªát 3 l·∫ßu,"Qu·∫≠n 2 (TP. Th·ªß ƒê·ª©c), TPHCM",43 t·ª∑,5 PN,4 WC,200 m2,https://mogi.vn/quan-2/mua-nha-biet-thu-lien-ke/ban-nha-quan-2-duong-so-7-phuong-an-phu-10-20-200m2-tret-3-lau-id21499779,2024-05-17
B√°n nh√† ven s√¥ng S√†i G√≤n Ph∆∞·ªùng B√¨nh An Q2 g·∫ßn b·∫øn du thuy·ªÅn,"Qu·∫≠n 2 (TP. Th·ªß ƒê·ª©c), TPHCM",22 t·ª∑,5 PN,5 WC,118 m2,https://mogi.vn/quan-2/mua-nha-mat-tien-pho/ban-nha-ven-song-sai-gon-phuong-binh-an-q2-gan-ben-du-thuyen-id21499741,2024-05-17
B√°n ƒë·∫•t m·∫∑t ti·ªÅn ƒë∆∞·ªùng Ch·ªØ An Ph√∫ Qu·∫≠n 2 DT 9x20m gi√° ƒë·∫ßu t∆∞,"Qu·∫≠n 2 (TP. Th·ªß ƒê·ª©c), TPHCM",35 t·ª∑,1 PN,1 WC,180 m2,https://mogi.vn/quan-2/mua-nha-mat-tien-pho/ban-dat-mat-tien-duong-chu-an-phu-quan-2-dt-9x20m-gia-dau-tu-id21499721,2024-05-17
"B√°n 3500m2, ƒë·∫•t m·∫∑t ti·ªÅn Ho√†ng H·ªØu Nam, P. T√¢n Ph√∫, Qu·∫≠n 9, 150 t·ª∑.","Qu·∫≠n 9 (TP. Th·ªß ƒê·ª©c), TPHCM",150 t·ª∑,5 PN,6 WC,3500 m2,https://mogi.vn/quan-9/mua-nha-mat-tien-pho/ban-3500m2-dat-mat-tien-hoang-huu-nam-p-tan-phu-quan-9-150-ty-id21393133,2024-05-17
Ngay T√¢n S∆°n Nh·∫•t - H·∫ªm 8M - DT 95m2 ( 4.3 x 22m ) - G·∫ßn M·∫∑t Ti·ªÅn,"Qu·∫≠n T√¢n B√¨nh, TPHCM",6 t·ª∑ 200 tri·ªáu,3 PN,3 WC,95 m2,https://mogi.vn/quan-tan-binh/mua-nha-hem-ngo/ngay-tan-son-nhat-hem-8m-dt-95m2-4-3-x-22m-gan-mat-tien-id22560641,2024-05-17
"Th·∫≠t 100% b√°n CHDV ƒê∆∞·ªùng 41 Tƒê, Q2 DT 10x26 CN 260m2 HƒêT kho√°n 210tr","Qu·∫≠n 2 (TP. Th·ªß ƒê·ª©c), TPHCM",43 t·ª∑,17 PN,18 WC,260 m2,https://mogi.vn/quan-2/mua-nha-mat-tien-pho/that-100-ban-chdv-duong-41-td-q2-dt-10x26-cn-260m2-hdt-khoan-210tr-id21393132,2024-05-17
"Hot ...B√°n g·∫•p 234.4m2, DT 7.8m X 30.3m. MT ƒê∆∞·ªùng 60, Th·∫£o ƒêi·ªÅn, Qu·∫≠n2","Qu·∫≠n 2 (TP. Th·ªß ƒê·ª©c), TPHCM",24 t·ª∑ 500 tri·ªáu,1 PN,1 WC,234 m2,https://mogi.vn/quan-2/mua-nha-mat-tien-pho/hot-ban-gap-234-4m2-dt-7-8m-x-30-3m-mt-duong-60-thao-dien-quan2-id21393130,2024-05-17
"t√≤a nh√† thu nh·∫≠p 220 tri·ªáu/th√°ng MT Th·∫£o ƒêi·ªÅn Qu·∫≠n 2, DT 12x26m h·∫ßm 6T","Qu·∫≠n 2 (TP. Th·ªß ƒê·ª©c), TPHCM",39 t·ª∑,20 PN,21 WC,260 m2,https://mogi.vn/quan-2/mua-nha-mat-tien-pho/toa-nha-thu-nhap-220-trieu-thang-mt-thao-dien-quan-2-dt-12x26m-ham-6t-id21393128,2024-05-17
"B√°n Bi·ªát Th·ª± M·∫∑t Ti·ªÅn ƒê∆∞·ªùng Nguy·ªÖn VƒÉn H∆∞·ªüng, Ph∆∞·ªùng Th·∫£o ƒêi·ªÅn Qu·∫≠n 2,","Qu·∫≠n 2 (TP. Th·ªß ƒê·ª©c), TPHCM",148 t·ª∑,5 PN,7 WC,680 m2,https://mogi.vn/quan-2/mua-nha-mat-tien-pho/ban-biet-thu-mat-tien-duong-nguyen-van-huong-phuong-thao-dien-quan-2-id21393100,2024-05-17
"B√°n ƒë·∫•t bi·ªát th·ª± khu River Mark 15x22m CN 330m2, view s√¥ng, ch·ªâ 75 t·ª∑","Qu·∫≠n 2 (TP. Th·ªß ƒê·ª©c), TPHCM",75 t·ª∑,1 PN,1 WC,300 m2,https://mogi.vn/quan-2/mua-nha-biet-thu-lien-ke/ban-dat-biet-thu-khu-river-mark-15x22m-cn-330m2-view-song-chi-75-ty-id21524703,2024-05-17
Bi·ªát th·ª± g√≥c 2 m·∫∑t ti·ªÅn Th·∫£o ƒêi·ªÅn Qu·∫≠n 2 dt 308m2 c·ª±c ƒë·∫πp,"Qu·∫≠n 2 (TP. Th·ªß ƒê·ª©c), TPHCM",46 t·ª∑,4 PN,4 WC,308 m2,https://mogi.vn/quan-2/mua-nha-mat-tien-pho/biet-thu-goc-2-mat-tien-thao-dien-quan-2-dt-308m2-cuc-dep-id21500793,2024-05-17
B√°n ƒë·∫•t m·∫∑t ti·ªÅn g·∫ßn Cao ƒê·ª©c L√¢n An Ph√∫ Qu·∫≠n 2 c·ª±c hi·∫øm,"Qu·∫≠n 2 (TP. Th·ªß ƒê·ª©c), TPHCM",41 t·ª∑,0 PN,0 WC,254 m2,https://mogi.vn/quan-2/mua-nha-mat-tien-pho/ban-dat-mat-tien-gan-cao-duc-lan-an-phu-quan-2-cuc-hiem-id21499786,2024-05-17
B√°n nh√† bi·ªát th·ª± Th·∫£o ƒêi·ªÅn Qu·∫≠n 2 cho thu√™ t·ªët,"Qu·∫≠n 2 (TP. Th·ªß ƒê·ª©c), TPHCM",30 t·ª∑,4 PN,5 WC,152 m2,https://mogi.vn/quan-2/mua-nha-mat-tien-pho/ban-nha-biet-thu-thao-dien-quan-2-cho-thue-tot-id21499782,2024-05-17
"B√°n ƒë·∫•t bi·ªát th·ª± khu River Mark 15x22m CN 330m2, view s√¥ng, ch·ªâ 75 t·ª∑","Qu·∫≠n 2 (TP. Th·ªß ƒê·ª©c), TPHCM",75 t·ª∑,1 PN,1 WC,300 m2,https://mogi.vn/quan-2/mua-nha-biet-thu-lien-ke/ban-dat-biet-thu-khu-river-mark-15x22m-cn-330m2-view-song-chi-75-ty-id21524703,2024-05-17
Bi·ªát th·ª± g√≥c 2 m·∫∑t ti·ªÅn Th·∫£o ƒêi·ªÅn Qu·∫≠n 2 dt 308m2 c·ª±c ƒë·∫πp,"Qu·∫≠n 2 (TP. Th·ªß ƒê·ª©c), TPHCM",46 t·ª∑,4 PN,4 WC,308 m2,https://mogi.vn/quan-2/mua-nha-mat-tien-pho/biet-thu-goc-2-mat-tien-thao-dien-quan-2-dt-308m2-cuc-dep-id21500793,2024-05-17
B√°n ƒë·∫•t m·∫∑t ti·ªÅn g·∫ßn Cao ƒê·ª©c L√¢n An Ph√∫ Qu·∫≠n 2 c·ª±c hi·∫øm,"Qu·∫≠n 2 (TP. Th·ªß ƒê·ª©c), TPHCM",41 t·ª∑,0 PN,0 WC,254 m2,https://mogi.vn/quan-2/mua-nha-mat-tien-pho/ban-dat-mat-tien-gan-cao-duc-lan-an-phu-quan-2-cuc-hiem-id21499786,2024-05-17
"B√°n si√™u bi·ªát th·ª± Th·∫£o ƒêi·ªÅn, MT ƒë∆∞·ªùng s·ªë, 20x35m ƒë·∫•t, 3 t·∫ßng, s·ªï h·ªìng","Qu·∫≠n 2 (TP. Th·ªß ƒê·ª©c), TPHCM",140 t·ª∑,5 PN,3 WC,693 m2,https://mogi.vn/quan-2/mua-nha-biet-thu-lien-ke/ban-sieu-biet-thu-thao-dien-mt-duong-so-20x35m-dat-3-tang-so-hong-id21787812,2024-05-17
"B√°n bi·ªát th·ª± 2 MT , ƒë∆∞·ªùng D∆∞∆°ng VƒÉn An, An Ph√∫ Q2, 240m2, GI√° 59 t·ª∑","Qu·∫≠n 2 (TP. Th·ªß ƒê·ª©c), TPHCM",59 t·ª∑,5 PN,3 WC,240 m2,https://mogi.vn/quan-2/mua-nha-biet-thu-lien-ke/ban-biet-thu-2-mt-duong-duong-van-an-an-phu-q2-240m2-gia-59-ty-id21783107,2024-05-17
B√°n bi·ªát th·ª± si√™u ƒë·∫πp 500m2 ƒë∆∞·ªùng Tr·∫ßn N√£o h·∫ßm 3 l·∫ßu c√≥ TM gi√° 80 t·ª∑,"Qu·∫≠n 2 (TP. Th·ªß ƒê·ª©c), TPHCM",80 t·ª∑,5 PN,6 WC,500 m2,https://mogi.vn/quan-2/mua-nha-biet-thu-lien-ke/ban-biet-thu-sieu-dep-500m2-duong-tran-nao-ham-3-lau-co-tm-gia-80-ty-id21541008,2024-05-17
B√°n ƒë·∫•t m·∫∑t ti·ªÅn s√¥ng SG khu CP Eden dt 15x27 (405m2) gi√° ch·ªâ 90 t·ª∑,"Qu·∫≠n 2 (TP. Th·ªß ƒê·ª©c), TPHCM",90 t·ª∑,0 PN,0 WC,405 m2,https://mogi.vn/quan-2/mua-duong-noi-bo/ban-dat-mat-tien-song-sg-khu-cp-eden-dt-15x27-405m2-gia-chi-90-ty-id21536516,2024-05-17
"B√°n ƒë·∫•t bi·ªát th·ª± khu River Mark 15x22m CN 330m2, view s√¥ng, ch·ªâ 75 t·ª∑","Qu·∫≠n 2 (TP. Th·ªß ƒê·ª©c), TPHCM",75 t·ª∑,1 PN,1 WC,300 m2,https://mogi.vn/quan-2/mua-nha-biet-thu-lien-ke/ban-dat-biet-thu-khu-river-mark-15x22m-cn-330m2-view-song-chi-75-ty-id21524703,2024-05-17
Bi·ªát th·ª± g√≥c 2 m·∫∑t ti·ªÅn Th·∫£o ƒêi·ªÅn Qu·∫≠n 2 dt 308m2 c·ª±c ƒë·∫πp,"Qu·∫≠n 2 (TP. Th·ªß ƒê·ª©c), TPHCM",46 t·ª∑,4 PN,4 WC,308 m2,https://mogi.vn/quan-2/mua-nha-mat-tien-pho/biet-thu-goc-2-mat-tien-thao-dien-quan-2-dt-308m2-cuc-dep-id21500793,2024-05-17
B√°n ƒë·∫•t m·∫∑t ti·ªÅn g·∫ßn Cao ƒê·ª©c L√¢n An Ph√∫ Qu·∫≠n 2 c·ª±c hi·∫øm,"Qu·∫≠n 2 (TP. Th·ªß ƒê·ª©c), TPHCM",41 t·ª∑,0 PN,0 WC,254 m2,https://mogi.vn/quan-2/mua-nha-mat-tien-pho/ban-dat-mat-tien-gan-cao-duc-lan-an-phu-quan-2-cuc-hiem-id21499786,2024-05-17
B√°n nh√† bi·ªát th·ª± Th·∫£o ƒêi·ªÅn Qu·∫≠n 2 cho thu√™ t·ªët,"Qu·∫≠n 2 (TP. Th·ªß ƒê·ª©c), TPHCM",30 t·ª∑,4 PN,5 WC,152 m2,https://mogi.vn/quan-2/mua-nha-mat-tien-pho/ban-nha-biet-thu-thao-dien-quan-2-cho-thue-tot-id21499782,2024-05-17
B√°n nh√† h·∫ªm 215 Nguy·ªÖn VƒÉn H∆∞·ªüng Qu·∫≠n 2 c√≥ h·ªì b∆°i,"Qu·∫≠n 2 (TP. Th·ªß ƒê·ª©c), TPHCM",60 t·ª∑,5 PN,5 WC,257 m2,https://mogi.vn/quan-2/mua-nha-biet-thu-lien-ke/ban-nha-hem-215-nguyen-van-huong-quan-2-co-ho-boi-id21499746,2024-05-17
"B√°n 2 l√¥ ƒë·∫•t 480m2 d·ª± √°n Th·ªß ƒê·ª©c House ƒë∆∞·ªùng 30m, P.B√¨nh An, TP Th·ªßƒê·ª©C","Qu·∫≠n 2 (TP. Th·ªß ƒê·ª©c), TPHCM",70 t·ª∑,1 PN,1 WC,480 m2,https://mogi.vn/quan-2/mua-nha-mat-tien-pho/ban-2-lo-dat-480m2-du-an-thu-duc-house-duong-30m-p-binh-an-tp-thuduc-id21394959,2024-05-17
"B√°n khu√¥n g√≥c 2 m·∫∑t ti·ªÅn si√™u ƒë·∫πp ƒë∆∞·ªùng 103TML, ph∆∞·ªùng Th·∫°nh M·ªπ L·ª£i, q","Qu·∫≠n 2 (TP. Th·ªß ƒê·ª©c), TPHCM",58 t·ª∑,1 PN,1 WC,200 m2,https://mogi.vn/quan-2/mua-nha-mat-tien-pho/ban-khuon-goc-2-mat-tien-sieu-dep-duong-103tml-phuong-thanh-my-loi-q-id21393136,2024-05-17
"Nh√† ph·ªë khu Compound Nguy·ªÖn VƒÉn H∆∞·ªüng, Th·∫£o ƒêi·ªÅn, Q. 2 DT: 221m2","Qu·∫≠n 2 (TP. Th·ªß ƒê·ª©c), TPHCM",31 t·ª∑,5 PN,6 WC,221 m2,https://mogi.vn/quan-2/mua-nha-biet-thu-lien-ke/nha-pho-khu-compound-nguyen-van-huong-thao-dien-q-2-dt-221m2-id21393134,2024-05-17
"m·∫∑t ti·ªÅn kinh doanh Tr·∫ßn L·ª±u, An Ph√∫, tr·ªát 3 l·∫ßu m·ªõi ch·ªâ 21.9 t·ª∑","Qu·∫≠n 2 (TP. Th·ªß ƒê·ª©c), TPHCM",21 t·ª∑ 900 tri·ªáu,4 PN,4 WC,80 m2,https://mogi.vn/quan-2/mua-nha-mat-tien-pho/mat-tien-kinh-doanh-tran-luu-an-phu-tret-3-lau-moi-chi-21-9-ty-id21384914,2024-05-17
"B√°n ƒë·∫•t m·∫∑t ti·ªÅn Nguy·ªÖn ∆Ø Dƒ©, Th·∫£o ƒêi·ªÅn, Qu·∫≠n 2 DT 33mx19m CN 627m2","Qu·∫≠n 2 (TP. Th·ªß ƒê·ª©c), TPHCM",60 t·ª∑,2 PN,3 WC,627 m2,https://mogi.vn/quan-2/mua-nha-mat-tien-pho/ban-dat-mat-tien-nguyen-u-di-thao-dien-quan-2-dt-33mx19m-cn-627m2-id21393131,2024-05-17
"BT Nguy·ªÖn ∆Ø Dƒ©, P. Th·∫£o ƒêi·ªÅn, DT 809m2 (24x36m) gi√° ch·ªâ 111 tri·ªáu/m2","Qu·∫≠n 2 (TP. Th·ªß ƒê·ª©c), TPHCM",89 t·ª∑,4 PN,5 WC,809 m2,https://mogi.vn/quan-2/mua-nha-biet-thu-lien-ke/bt-nguyen-u-di-p-thao-dien-dt-809m2-24x36m-gia-chi-111-trieu-m2-id21385095,2024-05-17
"MT Nguy·ªÖn VƒÉn H∆∞·ªüng, P. Th·∫£o ƒêi·ªÅn, Q2 , DT 11.6mx30m ti·ªán x√¢y cao","Qu·∫≠n 2 (TP. Th·ªß ƒê·ª©c), TPHCM",90 t·ª∑,5 PN,5 WC,370 m2,https://mogi.vn/quan-2/mua-nha-mat-tien-pho/mt-nguyen-van-huong-p-thao-dien-q2-dt-11-6mx30m-tien-xay-cao-id21385085,2024-05-17
"V·ªã tr√≠ r·∫•t ƒë·∫πp - G√≥c 2MT Nguy·ªÖn Tr√£i + Nguy·ªÖn VƒÉn Tr√°ng - 4.5x20m, 2 t","Qu·∫≠n 1, TPHCM",60 t·ª∑,4 PN,2 WC,90 m2,https://mogi.vn/quan-1/mua-nha-mat-tien-pho/vi-tri-rat-dep-goc-2mt-nguyen-trai-nguyen-van-trang-4-5x20m-2-t-id21852470,2024-05-17
"M·∫∑t ti·ªÅn L√Ω T·ª± Tr·ªçng g·∫ßn ch·ª£ B·∫øn Th√†nh, Qu·∫≠n 1 - 4.5x20m, 2 t·∫ßng, HƒêT","Qu·∫≠n 1, TPHCM",54 t·ª∑,4 PN,2 WC,90 m2,https://mogi.vn/quan-1/mua-nha-mat-tien-pho/mat-tien-ly-tu-trong-gan-cho-ben-thanh-quan-1-4-5x20m-2-tang-hdt-id21852450,2024-05-17
"C·∫ßn b√°n nh√† MT Nguy·ªÖn Tr√£i, P. B·∫øn Th√†nh, Qu·∫≠n 1. DT: 9.5x25m thu√™ 330","Qu·∫≠n 1, TPHCM",90 t·ª∑,3 PN,3 WC,237 m2,https://mogi.vn/quan-1/mua-nha-mat-tien-pho/can-ban-nha-mt-nguyen-trai-p-ben-thanh-quan-1-dt-9-5x25m-thue-330-id21836739,2024-05-17
"B√°n nh√† m·∫∑t ti·ªÅn Cao Th·∫Øng (9.5x30m) - GPXD h·∫ßm 10 l·∫ßu, gi√° 115 t·ª∑ TL","Qu·∫≠n 3, TPHCM",115 t·ª∑,2 PN,2 WC,290 m2,https://mogi.vn/quan-3/mua-nha-mat-tien-pho/ban-nha-mat-tien-cao-thang-9-5x30m-gpxd-ham-10-lau-gia-115-ty-tl-id21823459,2024-05-17
"B√°n kh√°ch s·∫°n 3 sao m·∫∑t ti·ªÅn V√µ VƒÉn T·∫ßn, Q3 h·∫ßm 12 t·∫ßng 90 ph√≤ng","Qu·∫≠n 3, TPHCM",550 t·ª∑,90 PN,90 WC,875 m2,https://mogi.vn/quan-3/mua-nha-mat-tien-pho/ban-khach-san-3-sao-mat-tien-vo-van-tan-q3-ham-12-tang-90-phong-id21823466,2024-05-17
"B√°n nh√† m·∫∑t ti·ªÅn Ho√†ng Sa, Qu·∫≠n 1, DT: 17mx18m, Gi√° 120 t·ª∑","Qu·∫≠n 1, TPHCM",120 t·ª∑,7 PN,7 WC,300 m2,https://mogi.vn/quan-1/mua-nha-mat-tien-pho/ban-nha-mat-tien-hoang-sa-quan-1-dt-17mx18m-gia-120-ty-id21812301,2024-05-17
"B√°n nh√† m·∫∑t ti·ªÅn Ho√†ng Sa, Qu·∫≠n 1, DT: 17mx18m, Gi√° 120 t·ª∑","Qu·∫≠n 1, TPHCM",120 t·ª∑,7 PN,7 WC,300 m2,https://mogi.vn/quan-1/mua-nha-mat-tien-pho/ban-nha-mat-tien-hoang-sa-quan-1-dt-17mx18m-gia-120-ty-id21812301,2024-05-17
"B√°n nh√† MT Nguy·ªÖn B√° Hu√¢n: DT 128m2 (7.5x17m), gi√° t·ªët ch·ªâ 31.8 t·ª∑","Qu·∫≠n 2 (TP. Th·ªß ƒê·ª©c), TPHCM",31 t·ª∑ 800 tri·ªáu,4 PN,2 WC,128 m2,https://mogi.vn/quan-2/mua-nha-mat-tien-pho/ban-nha-mt-nguyen-ba-huan-dt-128m2-7-5x17m-gia-tot-chi-31-8-ty-id21795616,2024-05-17
"B√°n g·∫•p bi·ªát th·ª± view s√¥ng - MT P. Th·∫£o ƒêi·ªÅn DT 10x50, Gi√° 64 t·ª∑","Qu·∫≠n 2 (TP. Th·ªß ƒê·ª©c), TPHCM",64 t·ª∑,4 PN,2 WC,500 m2,https://mogi.vn/quan-2/mua-nha-biet-thu-lien-ke/ban-gap-biet-thu-view-song-mt-p-thao-dien-dt-10x50-gia-64-ty-id21787786,2024-05-17
C·∫ßn b√°n g·∫•p bi·ªát th·ª± ngay CV Cao ƒê·ª©c L√¢n H·∫ßm 3 l·∫ßu DT 9x20 Gi√° 33 t·ª∑,"Qu·∫≠n 2 (TP. Th·ªß ƒê·ª©c), TPHCM",33 t·ª∑,5 PN,5 WC,180 m2,https://mogi.vn/quan-2/mua-nha-biet-thu-lien-ke/can-ban-gap-biet-thu-ngay-cv-cao-duc-lan-ham-3-lau-dt-9x20-gia-33-ty-id21729481,2024-05-17
"B√°n bi·ªát th·ª± cao c·∫•p Th·∫£o ƒêi·ªÅn Compound, view s√¥ng d∆∞·ªõi 200 t·ª∑","Qu·∫≠n 2 (TP. Th·ªß ƒê·ª©c), TPHCM",150 t·ª∑,5 PN,5 WC,1000 m2,https://mogi.vn/quan-2/mua-nha-mat-tien-pho/ban-biet-thu-cao-cap-thao-dien-compound-view-song-duoi-200-ty-id21709499,2024-05-17
Bi·ªát th·ª± m·∫∑t ti·ªÅn Nguy·ªÖn VƒÉn H∆∞·ªüng Qu·∫≠n 2 g·∫ßn tr∆∞·ªùng BIS Tr·ªát 3 L·∫ßu ƒë·∫π,"Qu·∫≠n 2 (TP. Th·ªß ƒê·ª©c), TPHCM",68 t·ª∑,4 PN,5 WC,225 m2,https://mogi.vn/quan-2/mua-nha-mat-tien-pho/biet-thu-mat-tien-nguyen-van-huong-quan-2-gan-truong-bis-tret-3-lau-de-id21500794,2024-05-17
Ch·ªâ 30 t·ª∑ s·ªü h·ªØu bi·ªát th·ª± ƒë∆∞·ªùng Tr·∫ßn N√£o 8m x 24m tr·ªát 2 l·∫ßu Bv24/24,"Qu·∫≠n 2 (TP. Th·ªß ƒê·ª©c), TPHCM",30 t·ª∑,6 PN,6 WC,190 m2,https://mogi.vn/quan-2/mua-nha-biet-thu-lien-ke/chi-30-ty-so-huu-biet-thu-duong-tran-nao-8m-x-24m-tret-2-lau-bv24-24-id21540981,2024-05-17
"B√°n g·∫•p CHDV cao c·∫•p ƒë∆∞·ªùng Xu√¢n Th·ªßy, Th·∫£o ƒêi·ªÅn, Q2 DT 8x24m h·∫ßm 6 l·∫ßu","Qu·∫≠n 2 (TP. Th·ªß ƒê·ª©c), TPHCM",41 t·ª∑,20 PN,21 WC,192 m2,https://mogi.vn/quan-2/mua-duong-noi-bo/ban-gap-chdv-cao-cap-duong-xuan-thuy-thao-dien-q2-dt-8x24m-ham-6-lau-id21393044,2024-05-17
"b√°n ƒë·∫•t ƒë∆∞·ªùng Xu√¢n Th·ªßy, P.Th·∫£o ƒêi·ªÅn, DT 24x25 (774m2) ch·ªâ 70tr/m2","Qu·∫≠n 2 (TP. Th·ªß ƒê·ª©c), TPHCM",54 t·ª∑ 200 tri·ªáu,0 PN,0 WC,774 m2,https://mogi.vn/quan-2/mua-nha-hem-ngo/ban-dat-duong-xuan-thuy-p-thao-dien-dt-24x25-774m2-chi-70tr-m2-id21385099,2024-05-17
"B√°n villa 29 t·ª∑ m·∫∑t ti·ªÅn ngay Song H√†nh. 7,5 x 20m, k·∫øt c·∫•u 2 l·∫ßu","Qu·∫≠n 2 (TP. Th·ªß ƒê·ª©c), TPHCM",29 t·ª∑,4 PN,5 WC,150 m2,https://mogi.vn/quan-2/mua-nha-mat-tien-pho/ban-villa-29-ty-mat-tien-ngay-song-hanh-7-5-x-20m-ket-cau-2-lau-id21388330,2024-05-17
"b√°n g·∫•p m·∫∑t ti·ªÅn Tr·∫ßn Ng·ªçc Di·ªán, Th·∫£o ƒêi·ªÅn, Q2 DT 25mx30m ch·ªâ 120 t·ª∑","Qu·∫≠n 2 (TP. Th·ªß ƒê·ª©c), TPHCM",120 t·ª∑,6 PN,8 WC,700 m2,https://mogi.vn/quan-2/mua-nha-mat-tien-pho/ban-gap-mat-tien-tran-ngoc-dien-thao-dien-q2-dt-25mx30m-chi-120-ty-id21385098,2024-05-17
"Bi·ªát th·ª± Nguy·ªÖn ∆Ø Dƒ© 7.5x20m (150m2) g·∫ßn The Deck,Th·∫£o ƒêi·ªÅn, Qu·∫≠n 2","Qu·∫≠n 2 (TP. Th·ªß ƒê·ª©c), TPHCM",25 t·ª∑ 500 tri·ªáu,4 PN,5 WC,150 m2,https://mogi.vn/quan-2/mua-nha-biet-thu-lien-ke/biet-thu-nguyen-u-di-7-5x20m-150m2-gan-the-deck-thao-dien-quan-2-id21384872,2024-05-17
Covid b√°n g·∫•p si√™u bi·ªát th·ª± DT 50mx20m ƒë∆∞·ªùng Tr·∫ßn Ng·ªçc Di·ªán Th·∫£o ƒêi·ªÅn,"Qu·∫≠n 2 (TP. Th·ªß ƒê·ª©c), TPHCM",146 t·ª∑,6 PN,6 WC,970 m2,https://mogi.vn/quan-2/mua-nha-mat-tien-pho/covid-ban-gap-sieu-biet-thu-dt-50mx20m-duong-tran-ngoc-dien-thao-dien-id21378792,2024-05-17
"H·∫° 1,5 t·ª∑, g·∫•p b√°n nh√† MT Trung M·ªπ T√¢y Qu·∫≠n 12, 4 t·∫ßng ngay An S∆∞∆°ng","Qu·∫≠n 12, TPHCM",17 t·ª∑ 800 tri·ªáu,18 PN,5 WC,200 m2,https://mogi.vn/quan-12/mua-nha-mat-tien-pho/ha-1-5-ty-gap-ban-nha-mt-trung-my-tay-quan-12-4-tang-ngay-an-suong-id22560857,2024-05-17
"Si√™u v·ªã tr√≠ 2 MT Tr·∫ßn Quang Di·ªáu, Qu·∫≠n 3 (7 x 22m) 4 t·∫ßng HƒêT 100tr/th","Qu·∫≠n 3, TPHCM",60 t·ª∑,4 PN,4 WC,154 m2,https://mogi.vn/quan-3/mua-nha-mat-tien-pho/sieu-vi-tri-2-mt-tran-quang-dieu-quan-3-7-x-22m-4-tang-hdt-100tr-th-id21830347,2024-05-17
Ch√≠nh ch·ªß b√°n t√≤a nh√† 8 T·∫ßng m·∫∑t ti·ªÅn Nguy·ªÖn Th·ªã Minh Khai (7x25m) HƒêT,"Qu·∫≠n 1, TPHCM",77 t·ª∑,8 PN,8 WC,175 m2,https://mogi.vn/quan-1/mua-nha-mat-tien-pho/chinh-chu-ban-toa-nha-8-tang-mat-tien-nguyen-thi-minh-khai-7x25m-hdt-id21836728,2024-05-17
"Si√™u v·ªã tr√≠, b√°n building vƒÉn ph√≤ng m·∫∑t ti·ªÅn V√µ VƒÉn T·∫ßn, P6, Q3, h·∫ßm 1","Qu·∫≠n 3, TPHCM",143 t·ª∑,10 PN,10 WC,260 m2,https://mogi.vn/quan-3/mua-nha-mat-tien-pho/sieu-vi-tri-ban-building-van-phong-mat-tien-vo-van-tan-p6-q3-ham-1-id21823241,2024-05-17
"Gia ƒë√¨nh ƒëi ƒë·ªãnh c∆∞ n√™n c·∫ßn b√°n g·∫•p nh√† MT V√µ VƒÉn T·∫ßn 14x35m,Gi√° 249ty","Qu·∫≠n 3, TPHCM",249 t·ª∑,5 PN,2 WC,530 m2,https://mogi.vn/quan-3/mua-nha-mat-tien-pho/gia-dinh-di-dinh-cu-nen-can-ban-gap-nha-mt-vo-van-tan-14x35m-gia-249ty-id21823078,2024-05-17
"Chuy·ªÉn nh∆∞·ª£ng KS 3 B√πi Th·ªã Xu√¢n Q1. Di·ªán t√≠ch 8x17.5m,Gi√° 185 t·ª∑","Qu·∫≠n 1, TPHCM",185 t·ª∑,57 PN,57 WC,140 m2,https://mogi.vn/quan-1/mua-nha-mat-tien-pho/chuyen-nhuong-ks-3-bui-thi-xuan-q1-dien-tich-8x17-5m-gia-185-ty-id21821520,2024-05-17
"C·∫ßn b√°n g·∫•p cƒÉn g√≥c C·ªêNG QU·ª≤NH, 212M2, CH·ªà 175 T·ª∂ TL, HƒêT 250tr/th","Qu·∫≠n 1, TPHCM",175 t·ª∑,8 PN,3 WC,212 m2,https://mogi.vn/quan-1/mua-nha-mat-tien-pho/can-ban-gap-can-goc-cong-quynh-212m2-chi-175-ty-tl-hdt-250tr-th-id21815616,2024-05-17
B√°n bi·ªát th·ª± khu 215 Nguy·ªÖn VƒÉn H∆∞·ªüng Th·∫£o ƒêi·ªÅn 200m2 Nh√† ƒê·∫πp Gi√° T·ªët,"Qu·∫≠n 2 (TP. Th·ªß ƒê·ª©c), TPHCM",41 t·ª∑,4 PN,2 WC,200 m2,https://mogi.vn/quan-2/mua-nha-biet-thu-lien-ke/ban-biet-thu-khu-215-nguyen-van-huong-thao-dien-200m2-nha-dep-gia-tot-id21797737,2024-05-17
"B√°n nh√† MT Nguy·ªÖn VƒÉn H∆∞·ªüng 7.7x24  P.Th·∫£o ƒêi·ªÅn, Gi√° 60 t·ª∑","Qu·∫≠n 2 (TP. Th·ªß ƒê·ª©c), TPHCM",60 t·ª∑,4 PN,2 WC,185 m2,https://mogi.vn/quan-2/mua-nha-mat-tien-pho/ban-nha-mt-nguyen-van-huong-7-7x24-p-thao-dien-gia-60-ty-id21797708,2024-05-17
Gia ƒë√¨nh ƒëang c·∫ßn ti·ªÅn c·∫ßn b√°n g·∫•p nh√† MT Ph·∫°m Ng·ªçc Th·∫°ch 12x25m,"Qu·∫≠n 3, TPHCM",180 t·ª∑,5 PN,2 WC,300 m2,https://mogi.vn/quan-3/mua-nha-mat-tien-pho/gia-dinh-dang-can-tien-can-ban-gap-nha-mt-pham-ngoc-thach-12x25m-id21823143,2024-05-17
"B√°n t√≤a nh√† VP MT NGUY·ªÑN ƒê√åNH CHI·ªÇU, P. ƒêA KAO, Q1. 8X21m,Gi√° 140 t·ª∑","Qu·∫≠n 1, TPHCM",140 t·ª∑,10 PN,10 WC,168 m2,https://mogi.vn/quan-1/mua-nha-mat-tien-pho/ban-toa-nha-vp-mt-nguyen-dinh-chieu-p-da-kao-q1-8x21m-gia-140-ty-id21803090,2024-05-17
C·∫ßn ti·ªÅn b√°n g·∫•p Villa h·ªì b∆°i hi·ªán ƒë·∫°i 204m2 P.Th·∫£o ƒêi·ªÅn ch·ªâ 40 t·ª∑,"Qu·∫≠n 2 (TP. Th·ªß ƒê·ª©c), TPHCM",40 t·ª∑,4 PN,4 WC,204 m2,https://mogi.vn/quan-2/mua-nha-mat-tien-pho/can-tien-ban-gap-villa-ho-boi-hien-dai-204m2-p-thao-dien-chi-40-ty-id21612137,2024-05-17
"Gi·∫£m S·ªëc 200TR - C√≤n 7.6 T·ª∑ - HXH V∆∞·ªùn L√†i , T√¢n Ph√∫ - S√°t M·∫∑t Ti·ªÅn","Qu·∫≠n T√¢n Ph√∫, TPHCM",7 t·ª∑ 600 tri·ªáu,4 PN,3 WC,70 m2,https://mogi.vn/quan-tan-phu/mua-nha-hem-ngo/giam-soc-200tr-con-7-6-ty-hxh-vuon-lai-tan-phu-sat-mat-tien-id22551939,2024-05-17
Bi·ªát th·ª± compound Tr·∫ßn N√£o ven s√¥ng S√†i G√≤n 511m2 khu c·ª±c vip gi√° t·ªët,"Qu·∫≠n 2 (TP. Th·ªß ƒê·ª©c), TPHCM",77 t·ª∑,4 PN,5 WC,511 m2,https://mogi.vn/quan-2/mua-nha-biet-thu-lien-ke/biet-thu-compound-tran-nao-ven-song-sai-gon-511m2-khu-cuc-vip-gia-tot-id21536488,2024-05-17
Giam 100TR - 3 CƒÉn t·ªõi m·∫∑t ti·ªÅn - Ph√∫ Th·ªç Ho√† - 44m2 - 4.2 T·ª∑,"Qu·∫≠n T√¢n Ph√∫, TPHCM",4 t·ª∑ 200 tri·ªáu,2 PN,2 WC,44 m2,https://mogi.vn/quan-tan-phu/mua-nha-hem-ngo/giam-100tr-3-can-toi-mat-tien-phu-tho-hoa-44m2-4-2-ty-id22551853,2024-05-17
Bi·ªát th·ª± h·ªì b∆°i khu compound Nguy·ªÖn VƒÉn H∆∞·ªüng Qu·∫≠n 2 12x23m h·∫ßm 3 l·∫ßu,"Qu·∫≠n 2 (TP. Th·ªß ƒê·ª©c), TPHCM",56 t·ª∑,4 PN,5 WC,276 m2,https://mogi.vn/quan-2/mua-nha-biet-thu-lien-ke/biet-thu-ho-boi-khu-compound-nguyen-van-huong-quan-2-12x23m-ham-3-lau-id21536483,2024-05-17
Bi·ªát th·ª± h·ªì b∆°i khu compound Nguy·ªÖn VƒÉn H∆∞·ªüng Qu·∫≠n 2 12x23 H·∫ßm 3 L·∫ßu,"Qu·∫≠n 2 (TP. Th·ªß ƒê·ª©c), TPHCM",56 t·ª∑,5 PN,5 WC,276 m2,https://mogi.vn/quan-2/mua-nha-mat-tien-pho/biet-thu-ho-boi-khu-compound-nguyen-van-huong-quan-2-12x23-ham-3-lau-id21500798,2024-05-17
Bi·ªát th·ª± h·ªì b∆°i khu compound Nguy·ªÖn VƒÉn H∆∞·ªüng Qu·∫≠n 2 12x23 H·∫ßm 3 L·∫ßu,"Qu·∫≠n 2 (TP. Th·ªß ƒê·ª©c), TPHCM",56 t·ª∑,5 PN,5 WC,276 m2,https://mogi.vn/quan-2/mua-nha-mat-tien-pho/biet-thu-ho-boi-khu-compound-nguyen-van-huong-quan-2-12x23-ham-3-lau-id21500798,2024-05-17
"B√°n nh√† 4 t·∫ßng (5 x 19m) n·ªü h·∫≠u 6.5m, OTO V√ÄO NH√Ä qu·∫≠n B√¨nh Th·∫°nh","Qu·∫≠n B√¨nh Th·∫°nh, TPHCM",11 t·ª∑ 900 tri·ªáu,6 PN,5 WC,100 m2,https://mogi.vn/quan-binh-thanh/mua-nha-hem-ngo/ban-nha-4-tang-5-x-19m-no-hau-6-5m-oto-vao-nha-quan-binh-thanh-id22560786,2024-05-17
"B√°n nh√† ·ªü ngay Tr·∫ßn N√£o, DT: 6 x 23m h·∫ßm 3 l·∫ßu. G·∫ßn s√¥ng view 81 P B√¨n","Qu·∫≠n 2 (TP. Th·ªß ƒê·ª©c), TPHCM",25 t·ª∑,4 PN,5 WC,140 m2,https://mogi.vn/quan-2/mua-nha-mat-tien-pho/ban-nha-o-ngay-tran-nao-dt-6-x-23m-ham-3-lau-gan-song-view-81-p-bin-id21388341,2024-05-17
"b√°n nh√† L√™ VƒÉn Mi·∫øn, Th·∫£o ƒêi·ªÅn, qu·∫≠n 2, 14x20m, CN 280m2, gi√° 38 t·ª∑","Qu·∫≠n 2 (TP. Th·ªß ƒê·ª©c), TPHCM",38 t·ª∑,5 PN,5 WC,280 m2,https://mogi.vn/quan-2/mua-duong-noi-bo/ban-nha-le-van-mien-thao-dien-quan-2-14x20m-cn-280m2-gia-38-ty-id21384771,2024-05-17
B√°n nh√† MT ƒë∆∞·ªùng Tr·∫ßn Ng·ªçc Di·ªán Th·∫£o ƒêi·ªÅn Qu·∫≠n 2 DT 14x65 x√¢y d·ª±ng 12,"Qu·∫≠n 2 (TP. Th·ªß ƒê·ª©c), TPHCM",125 t·ª∑,3 PN,1 WC,700 m2,https://mogi.vn/quan-2/mua-nha-mat-tien-pho/ban-nha-mt-duong-tran-ngoc-dien-thao-dien-quan-2-dt-14x65-xay-dung-12-id22058040,2024-05-17
b√°n l√¥ ƒë·∫•t g·∫ßn ch·ª£ ƒë·∫ßu m·ªëi 82 m2 gi√° 1 t·ª∑ 800 g·ªçi ngay xem ƒë·∫•t,"Huy·ªán H√≥c M√¥n, TPHCM",1 t·ª∑ 800 tri·ªáu,1 PN,1 WC,88 m2,https://mogi.vn/huyen-hoc-mon/mua-nha-hem-ngo/ban-lo-dat-gan-cho-dau-moi-82-m2-gia-1-ty-800-goi-ngay-xem-dat-id22560837,2024-05-17
"B√°n t√≤a nh√† m·ªõi x√¢y ho√†n thi·ªán MT Nam K·ª≥ Kh·ªüi Nghƒ©a, Q3 (5 x 25m) 7 t·∫ß","Qu·∫≠n 3, TPHCM",52 t·ª∑,7 PN,7 WC,125 m2,https://mogi.vn/quan-3/mua-nha-mat-tien-pho/ban-toa-nha-moi-xay-hoan-thien-mt-nam-ky-khoi-nghia-q3-5-x-25m-7-ta-id21830311,2024-05-17
Gia ƒë√¨nh ƒëang c·∫ßn ti·ªÅn c·∫ßn b√°n g·∫•p nh√† MT Ph·∫°m Ng·ªçc Th·∫°ch 12x25m,"Qu·∫≠n 3, TPHCM",180 t·ª∑,5 PN,2 WC,300 m2,https://mogi.vn/quan-3/mua-nha-mat-tien-pho/gia-dinh-dang-can-tien-can-ban-gap-nha-mt-pham-ngoc-thach-12x25m-id21823143,2024-05-17
"B√°n t√≤a nh√† VP MT NGUY·ªÑN ƒê√åNH CHI·ªÇU, P. ƒêA KAO, Q1. 8X21m,Gi√° 140 t·ª∑","Qu·∫≠n 1, TPHCM",140 t·ª∑,10 PN,10 WC,168 m2,https://mogi.vn/quan-1/mua-nha-mat-tien-pho/ban-toa-nha-vp-mt-nguyen-dinh-chieu-p-da-kao-q1-8x21m-gia-140-ty-id21803090,2024-05-17
B√°n nh√† ƒë∆∞·ªùng Cao ƒê·ª©c L√¢n An Ph√∫ Qu·∫≠n 2 g√≥c 2MT H·∫ßm 3L,"Qu·∫≠n 2 (TP. Th·ªß ƒê·ª©c), TPHCM",46 t·ª∑,4 PN,5 WC,160 m2,https://mogi.vn/quan-2/mua-nha-mat-tien-pho/ban-nha-duong-cao-duc-lan-an-phu-quan-2-goc-2mt-ham-3l-id21664194,2024-05-17
B√°n g·∫•p bi·ªát th·ª± Compound Th·∫£o ƒêi·ªÅn DT 26x20 (460m2) ƒë∆∞·ªùng 18m gi√° 74t,"Qu·∫≠n 2 (TP. Th·ªß ƒê·ª©c), TPHCM",74 t·ª∑,4 PN,5 WC,456 m2,https://mogi.vn/quan-2/mua-nha-mat-tien-pho/ban-gap-biet-thu-compound-thao-dien-dt-26x20-460m2-duong-18m-gia-74t-id21594051,2024-05-17
B√°n nh√† 4 t·∫ßng m·∫∑t ti·ªÅn Nguy·ªÖn VƒÉn H∆∞·ªüng Th·∫£o ƒêi·ªÅn dt 18x24 gi√° 89 t·ª∑,"Qu·∫≠n 2 (TP. Th·ªß ƒê·ª©c), TPHCM",89 t·ª∑,7 PN,7 WC,432 m2,https://mogi.vn/quan-2/mua-nha-mat-tien-pho/ban-nha-4-tang-mat-tien-nguyen-van-huong-thao-dien-dt-18x24-gia-89-ty-id21588436,2024-05-17
B√°n nh√† m·∫∑t ti·ªÅn Qu·ªëc H∆∞∆°ng Ph∆∞·ªùng Th·∫£o ƒêi·ªÅn Qu·∫≠n dt 6x30 (188m2) 38t·ª∑,"Qu·∫≠n 2 (TP. Th·ªß ƒê·ª©c), TPHCM",38 t·ª∑,4 PN,3 WC,188 m2,https://mogi.vn/quan-2/mua-nha-mat-tien-pho/ban-nha-mat-tien-quoc-huong-phuong-thao-dien-quan-dt-6x30-188m2-38ty-id21588374,2024-05-17
"B√°n villa khu B√πi T√° H√°n - Cao ƒê·ª©c L√¢n, 12mx20m (235m2), th√¥ng ra Song","Qu·∫≠n 2 (TP. Th·ªß ƒê·ª©c), TPHCM",31 t·ª∑,4 PN,5 WC,240 m2,https://mogi.vn/quan-2/mua-nha-mat-tien-pho/ban-villa-khu-bui-ta-han-cao-duc-lan-12mx20m-235m2-thong-ra-song-id21536491,2024-05-17
"m·∫∑t ti·ªÅn kinh doanh ƒë∆∞·ªùng Xu√¢n Th·ªßy - Nguy·ªÖn C·ª´, 106m2 ch·ªâ 18 t·ª∑","Qu·∫≠n 2 (TP. Th·ªß ƒê·ª©c), TPHCM",18 t·ª∑,4 PN,4 WC,106 m2,https://mogi.vn/quan-2/mua-nha-mat-tien-pho/mat-tien-kinh-doanh-duong-xuan-thuy-nguyen-cu-106m2-chi-18-ty-id21384908,2024-05-17
"B√°n G·∫•p Bi·ªát Th·ª± ƒê·∫πp Th·∫£o ƒêi·ªÅn, Qu·∫≠n 2 DT 11x27m CN 296m2 Ch·ªâ 41 T·ª∑","Qu·∫≠n 2 (TP. Th·ªß ƒê·ª©c), TPHCM",41 t·ª∑,4 PN,4 WC,300 m2,https://mogi.vn/quan-2/mua-nha-mat-tien-pho/ban-gap-biet-thu-dep-thao-dien-quan-2-dt-11x27m-cn-296m2-chi-41-ty-id21388325,2024-05-17
"B√°n khu√¥n ƒë·∫•t bi·ªát th·ª± khu River Mark 15x22m CN 330m2, ƒë∆∞·ªùng 31, BA Q2","Qu·∫≠n 2 (TP. Th·ªß ƒê·ª©c), TPHCM",58 t·ª∑,0 PN,0 WC,330 m2,https://mogi.vn/quan-2/mua-nha-mat-tien-pho/ban-khuon-dat-biet-thu-khu-river-mark-15x22m-cn-330m2-duong-31-ba-q2-id21384905,2024-05-17
B√°n nh√† ƒë·∫•t KDC VƒÉn Minh ngay CC The Sun Avenue T·ª´ 20 - 100 t·ª∑,"Qu·∫≠n 2 (TP. Th·ªß ƒê·ª©c), TPHCM",54 t·ª∑,6 PN,6 WC,400 m2,https://mogi.vn/quan-2/mua-nha-mat-tien-pho/ban-nha-dat-kdc-van-minh-ngay-cc-the-sun-avenue-tu-20-100-ty-id21384756,2024-05-17
"C·∫ßn b√°n nh√† m·∫∑t ti·ªÅn Tr·∫ßn Ng·ªçc Di·ªán, Th·∫£o ƒêi·ªÅn, q2. DT 21x47 (978.9m2)","Qu·∫≠n 2 (TP. Th·ªß ƒê·ª©c), TPHCM",160 t·ª∑,8 PN,8 WC,980 m2,https://mogi.vn/quan-2/mua-nha-mat-tien-pho/can-ban-nha-mat-tien-tran-ngoc-dien-thao-dien-q2-dt-21x47-978-9m2-id21384769,2024-05-17
"Nh√† m·ªõi, H·∫ªm Ba G√°c s√°t HXH, g·∫ßn MT ƒêinh B·ªô Lƒ©nh P.15 BT 27m2, 4 t·ª∑75","Qu·∫≠n B√¨nh Th·∫°nh, TPHCM",4 t·ª∑ 750 tri·ªáu,2 PN,3 WC,27 m2,https://mogi.vn/quan-binh-thanh/mua-nha-hem-ngo/nha-moi-hem-ba-gac-sat-hxh-gan-mt-dinh-bo-linh-p-15-bt-27m2-4-ty75-id22560820,2024-05-17
"Hi·∫øm, Nh√† nh∆∞ Bi·ªát Th·ª±, Nguy·ªÖn Gi·∫£n Thanh Q10 H·∫ªm 6m  DT 87m2 x5 T·∫ßng","Qu·∫≠n 10, TPHCM",13 t·ª∑ 900 tri·ªáu,5 PN,5 WC,87 m2,https://mogi.vn/quan-10/mua-nha-hem-ngo/hiem-nha-nhu-biet-thu-nguyen-gian-thanh-q10-hem-6m-dt-87m2-x5-tang-id22555725,2024-05-17
"Hi·∫øm, Q1 Tr·∫ßn H∆∞ng ƒê·∫°o ,Homestay , CƒÉn H·ªô D·ªãch V·ª• 6 Ph√≤ng ƒë·∫ßy ƒë·ªß","Qu·∫≠n 1, TPHCM",6 t·ª∑ 800 tri·ªáu,6 PN,6 WC,45 m2,https://mogi.vn/quan-1/mua-nha-hem-ngo/hiem-q1-tran-hung-dao-homestay-can-ho-dich-vu-6-phong-day-du-id22548491,2024-05-17
"Hi·∫øm, Mua 1 ƒê∆∞·ª£c 2, Nh√† Ph·∫°m VƒÉn Hai H·∫ªm 6m , DT 129m2 x5 T·∫ßng KD","Qu·∫≠n T√¢n B√¨nh, TPHCM",19 t·ª∑ 500 tri·ªáu,8 PN,8 WC,129 m2,https://mogi.vn/quan-tan-binh/mua-nha-hem-ngo/hiem-mua-1-duoc-2-nha-pham-van-hai-hem-6m-dt-129m2-x5-tang-kd-id22560223,2024-05-17
"HI·∫æM, B√°n G·∫•p ƒê·ªãnh C∆∞, Khu BI·ªát Th·ª± , T√≤a Nh√† DT 15x22  x5 T·∫ßng Ch·ªâ 49","Qu·∫≠n 2 (TP. Th·ªß ƒê·ª©c), TPHCM",59 t·ª∑ 500 tri·ªáu,7 PN,7 WC,330 m2,https://mogi.vn/quan-2/mua-nha-biet-thu-lien-ke/hiem-ban-gap-dinh-cu-khu-biet-thu-toa-nha-dt-15x22-x5-tang-chi-49-id22560308,2024-05-17
Nh√† ƒë·∫πp HXH Phan VƒÉn Tr·ªã P.11 B√¨nh Th·∫°nh 53m2,"Qu·∫≠n B√¨nh Th·∫°nh, TPHCM",6 t·ª∑ 450 tri·ªáu,3 PN,2 WC,53 m2,https://mogi.vn/quan-binh-thanh/mua-nha-hem-ngo/nha-dep-hxh-phan-van-tri-p-11-binh-thanh-53m2-id22560748,2024-05-17
"B√°n nh√† h·∫ªm 183/ B√πi Vi·ªán, P.PNL, Q1. Ngay khu ph·ªë t√¢y B√πi Vi·ªán.","Qu·∫≠n 1, TPHCM",3 t·ª∑ 500 tri·ªáu,3 PN,3 WC,19 m2,https://mogi.vn/quan-1/mua-nha-hem-ngo/ban-nha-hem-183-bui-vien-p-pnl-q1-ngay-khu-pho-tay-bui-vien-id22560296,2024-05-17
"B√°n nh√† ƒë∆∞·ªùng Tr·∫ßn H·ªØu Trang Ph√∫ Nhu·∫≠n, (4.5 x 13) nh√† 1/ s√°t M·∫∂T TI·ªÄN","Qu·∫≠n Ph√∫ Nhu·∫≠n, TPHCM",7 t·ª∑,4 PN,4 WC,60 m2,https://mogi.vn/quan-phu-nhuan/mua-nha-hem-ngo/ban-nha-duong-tran-huu-trang-phu-nhuan-4-5-x-13-nha-1-sat-mat-tien-id22560218,2024-05-17
"B√°n nh√† C≈® TI·ªÜN ƒê·∫¨P X√ÇY M·ªöI (4 x 18) H·∫∫M 6m th√¥ng kh·∫Øp ng√£, C∆Ø X√Å Chu","Qu·∫≠n Ph√∫ Nhu·∫≠n, TPHCM",10 t·ª∑ 600 tri·ªáu,2 PN,2 WC,72 m2,https://mogi.vn/quan-phu-nhuan/mua-nha-hem-ngo/ban-nha-cu-tien-dap-xay-moi-4-x-18-hem-6m-thong-khap-nga-cu-xa-chu-id22560225,2024-05-17
"H·∫∫M XE H∆†I PH∆Ø·ªúNG S∆†N K·ª≤ T√ÇN PH√ö- Nh√† m·ªõi 50m2, 3 t·∫ßng, 4PN gi√° r·∫ª","Qu·∫≠n T√¢n Ph√∫, TPHCM",4 t·ª∑ 400 tri·ªáu,4 PN,4 WC,50 m2,https://mogi.vn/quan-tan-phu/mua-nha-hem-ngo/hem-xe-hoi-phuong-son-ky-tan-phu-nha-moi-50m2-3-tang-4pn-gia-re-id22560757,2024-05-17
"B√°n g·∫•p cƒÉn h·ªô d·ªãch v·ª• 2 l·∫ßu ST h·∫ªm xe h∆°i¬†Nguy·ªÖn Th·ªã Th·∫≠p, Qu·∫≠n 7","Qu·∫≠n 7, TPHCM",8 t·ª∑ 200 tri·ªáu,5 PN,5 WC,68 m2,https://mogi.vn/quan-7/mua-nha-hem-ngo/ban-gap-can-ho-dich-vu-2-lau-st-hem-xe-hoi-nguyen-thi-thap-quan-7-id22560759,2024-05-17
ch√≠nh ch·ªß c·∫ßn b√°n g·∫•p nh√† ph·ªë g√≥c c√¥ng vi√™n 148m h∆∞ng ph∆∞·ªõc 2 gi√° r·∫ª,"Qu·∫≠n 7, TPHCM",33 t·ª∑,12 PN,13 WC,148 m2,https://mogi.vn/quan-7/mua-nha-mat-tien-pho/chinh-chu-can-ban-gap-nha-pho-goc-cong-vien-148m-hung-phuoc-2-gia-re-id22312189,2024-05-17
C·∫ßn ti·ªÅn b√°n  g·∫•p Nh√† Ph·ªë G√≥c ƒë∆∞·ªùng Ph·∫°m Th√°i B∆∞·ªùng ph√∫ m·ªπ h∆∞ng qu·∫≠n 7,"Qu·∫≠n 7, TPHCM",70 t·ª∑,12 PN,12 WC,180 m2,https://mogi.vn/quan-7/mua-nha-mat-tien-pho/can-tien-ban-gap-nha-pho-goc-duong-pham-thai-buong-phu-my-hung-quan-7-id22285649,2024-05-17
"Nh√† 5x20m √¥ t√¥ ƒë·ªó c·ª≠a, g·∫ßn UBND M·ªπ H·∫°nh B·∫Øc, 1.4 t·ª∑","Qu·∫≠n 12, TPHCM",1 t·ª∑ 400 tri·ªáu,2 PN,1 WC,100 m2,https://mogi.vn/quan-12/mua-nha-hem-ngo/nha-5x20m-o-to-do-cua-gan-ubnd-my-hanh-bac-1-4-ty-id22560494,2024-05-17
C·∫ßn b√°n nhanh si√™u ph·∫©m bi·ªát th·ª± g√≥c ƒë∆∞·ªùng l·ªõn view c√¥ng vi√™n Qu·∫≠n 7,"Qu·∫≠n 7, TPHCM",93 t·ª∑,4 PN,4 WC,200 m2,https://mogi.vn/quan-7/mua-nha-biet-thu-lien-ke/can-ban-nhanh-sieu-pham-biet-thu-goc-duong-lon-view-cong-vien-quan-7-id22049932,2024-05-17
C·∫ßn ti·ªÅn ƒë√°o h·∫°n ng√¢n h√†ng b√°n g·∫•p nh√† g√≥c m·ªπ giang 2 ph√∫ m·ªπ h∆∞ng q7,"Qu·∫≠n 7, TPHCM",69 t·ª∑ 990 tri·ªáu,5 PN,6 WC,198 m2,https://mogi.vn/quan-7/mua-nha-biet-thu-lien-ke/can-tien-dao-han-ngan-hang-ban-gap-nha-goc-my-giang-2-phu-my-hung-q7-id22524101,2024-05-17
‚ÄãC·∫ßn b√°n g·∫•p cƒÉn bi·ªát th·ª± li√™n k·∫ø H∆∞ng Th√°i  v·ªã tr√≠ ngay trung t√¢m Q7,"Qu·∫≠n 7, TPHCM",36 t·ª∑,4 PN,5 WC,126 m2,https://mogi.vn/quan-7/mua-nha-biet-thu-lien-ke/can-ban-gap-can-biet-thu-lien-ke-hung-thai-vi-tri-ngay-trung-tam-q7-id22348227,2024-05-17
c·∫ßn b√°n nhanh cƒÉn bi·ªát th·ª± g√≥c h∆∞ng th√°i gi√° r·∫ª qu·∫≠n 7 ph√∫ m·ªπ h∆∞ng,"Qu·∫≠n 7, TPHCM",30 t·ª∑,4 PN,5 WC,162 m2,https://mogi.vn/quan-7/mua-nha-biet-thu-lien-ke/can-ban-nhanh-can-biet-thu-goc-hung-thai-gia-re-quan-7-phu-my-hung-id22350797,2024-05-17
c·∫ßn b√°n nhanh bi·ªát th·ª± cao c·∫•p cƒÉn g√≥c m·ªπ th√°i ph√∫ m·ªπ h∆∞ng Qu·∫≠n 7.,"Qu·∫≠n 7, TPHCM",95 t·ª∑,4 PN,5 WC,256 m2,https://mogi.vn/quan-7/mua-nha-biet-thu-lien-ke/can-ban-nhanh-biet-thu-cao-cap-can-goc-my-thai-phu-my-hung-quan-7-id22037130,2024-05-17
C·∫ßn b√°n g·∫•p nh√† bi·ªát th·ª± cao c·∫•p li√™n k·∫ø m·ªπ giang ph√∫ m·ªπ h∆∞ng qu·∫≠n 7,"Qu·∫≠n 7, TPHCM",46 t·ª∑,4 PN,5 WC,126 m2,https://mogi.vn/quan-7/mua-nha-biet-thu-lien-ke/can-ban-gap-nha-biet-thu-cao-cap-lien-ke-my-giang-phu-my-hung-quan-7-id22187350,2024-05-17
c·∫ßn ti·ªÅn b√°n g·∫•p nh√† bi·ªát th·ª± m·ªπ giang ph√∫ m·ªπ h∆∞ng qu·∫≠n 7,"Qu·∫≠n 7, TPHCM",30 t·ª∑,4 PN,5 WC,126 m2,https://mogi.vn/quan-7/mua-nha-biet-thu-lien-ke/can-tien-ban-gap-nha-biet-thu-my-giang-phu-my-hung-quan-7-id22199707,2024-05-17
Gia ƒë√¨nh c·∫ßn b√°n kh√°ch s·∫°n mt nguy·ªÖn vƒÉn l∆∞·ª£ng 15 ph√≤ng cho thu√™ 55tr/,"Qu·∫≠n G√≤ V·∫•p, TPHCM",14 t·ª∑ 500 tri·ªáu,15 PN,15 WC,60 m2,https://mogi.vn/quan-go-vap/mua-nha-mat-tien-pho/gia-dinh-can-ban-khach-san-mt-nguyen-van-luong-15-phong-cho-thue-55tr-id22560413,2024-05-17
hot hot B√°n nh√† mt b·∫°ch ƒë·∫±ng 1 tr·ªát 3 l·∫ßu cn 86m2 gi√° 22 t·ª∑,"Qu·∫≠n B√¨nh Th·∫°nh, TPHCM",22 t·ª∑,6 PN,6 WC,86 m2,https://mogi.vn/quan-binh-thanh/mua-nha-mat-tien-pho/hot-hot-ban-nha-mt-bach-dang-1-tret-3-lau-cn-86m2-gia-22-ty-id22560702,2024-05-17
B√°n nh√† mt b·∫°ch ƒë·∫±ng 1 tr·ªát 3 l·∫ßu cn 86m2 cho thu√™ 60tr/th,"Qu·∫≠n B√¨nh Th·∫°nh, TPHCM",22 t·ª∑,10 PN,10 WC,86 m2,https://mogi.vn/quan-binh-thanh/mua-nha-mat-tien-pho/ban-nha-mt-bach-dang-1-tret-3-lau-cn-86m2-cho-thue-60tr-th-id22560696,2024-05-17
üå∏üå∏B√ÅN nh√† h·∫ªm 160 nguy·ªÖn vƒÉn qu·ª≥ -= ph√∫ thu·∫≠n - qu·∫≠n 7 üå∏üå∏,"Qu·∫≠n 7, TPHCM",5 t·ª∑ 500 tri·ªáu,3 PN,4 WC,80 m2,https://mogi.vn/quan-7/mua-nha-hem-ngo/ban-nha-hem-160-nguyen-van-quy-phu-thuan-quan-7-id22558096,2024-05-17
